Date,Day,Tag,Country,Value
2015-01-02,286,Cases,Guinea,0
2015-01-02,286,Cases,Liberia,8157
2015-01-02,286,Cases,Mali,0
2015-01-02,286,Cases,Nigeria,0
2015-01-02,286,Cases,Senegal,0
2015-01-02,286,Cases,SierraLeone,0
2015-01-02,286,Cases,Spain,0
2015-01-02,286,Cases,UnitedStates,0
2015-01-02,286,Deaths,Guinea,0
2015-01-02,286,Deaths,Liberia,3496
2015-01-02,286,Deaths,Mali,0
2015-01-02,286,Deaths,Nigeria,0
2015-01-02,286,Deaths,Senegal,0
2015-01-02,286,Deaths,SierraLeone,0
2015-01-02,286,Deaths,Spain,0
2015-01-02,286,Deaths,UnitedStates,0
2015-01-03,287,Cases,Guinea,2769
2015-01-03,287,Cases,Liberia,8166
2015-01-03,287,Cases,Mali,0
2015-01-03,287,Cases,Nigeria,0
2015-01-03,287,Cases,Senegal,0
2015-01-03,287,Cases,SierraLeone,9722
2015-01-03,287,Cases,Spain,0
2015-01-03,287,Cases,UnitedStates,0
2015-01-03,287,Deaths,Guinea,1767
2015-01-03,287,Deaths,Liberia,3496
2015-01-03,287,Deaths,Mali,0
2015-01-03,287,Deaths,Nigeria,0
2015-01-03,287,Deaths,Senegal,0
2015-01-03,287,Deaths,SierraLeone,2915
2015-01-03,287,Deaths,Spain,0
2015-01-03,287,Deaths,UnitedStates,0
2015-01-04,288,Cases,Guinea,2775
2015-01-04,288,Cases,Liberia,0
2015-01-04,288,Cases,Mali,0
2015-01-04,288,Cases,Nigeria,0
2015-01-04,288,Cases,Senegal,0
2015-01-04,288,Cases,SierraLeone,9780
2015-01-04,288,Cases,Spain,0
2015-01-04,288,Cases,UnitedStates,0
2015-01-04,288,Deaths,Guinea,1781
2015-01-04,288,Deaths,Liberia,0
2015-01-04,288,Deaths,Mali,0
2015-01-04,288,Deaths,Nigeria,0
2015-01-04,288,Deaths,Senegal,0
2015-01-04,288,Deaths,SierraLeone,2943
2015-01-04,288,Deaths,Spain,0
2015-01-04,288,Deaths,UnitedStates,0
2015-01-05,289,Cases,Guinea,2776
2015-01-05,289,Cases,Liberia,0
2015-01-05,289,Cases,Mali,0
2015-01-05,289,Cases,Nigeria,0
2015-01-05,289,Cases,Senegal,0
2015-01-05,289,Cases,SierraLeone,10030
2015-01-05,289,Cases,Spain,0
2015-01-05,289,Cases,UnitedStates,0
2015-01-05,289,Deaths,Guinea,1786
2015-01-05,289,Deaths,Liberia,0
2015-01-05,289,Deaths,Mali,0
2015-01-05,289,Deaths,Nigeria,0
2015-01-05,289,Deaths,Senegal,0
2015-01-05,289,Deaths,SierraLeone,2977
2015-01-05,289,Deaths,Spain,0
2015-01-05,289,Deaths,UnitedStates,0
2014-10-01,193,Cases,Guinea,1199
2014-10-01,193,Cases,Liberia,3834
2014-10-01,193,Cases,Mali,0
2014-10-01,193,Cases,Nigeria,20
2014-10-01,193,Cases,Senegal,1
2014-10-01,193,Cases,SierraLeone,2437
2014-10-01,193,Cases,Spain,0
2014-10-01,193,Cases,UnitedStates,1
2014-10-01,193,Deaths,Guinea,739
2014-10-01,193,Deaths,Liberia,2069
2014-10-01,193,Deaths,Mali,0
2014-10-01,193,Deaths,Nigeria,8
2014-10-01,193,Deaths,Senegal,0
2014-10-01,193,Deaths,SierraLeone,623
2014-10-01,193,Deaths,Spain,0
2014-10-01,193,Deaths,UnitedStates,0
2014-10-11,203,Cases,Guinea,0
2014-10-11,203,Cases,Liberia,4249
2014-10-11,203,Cases,Mali,0
2014-10-11,203,Cases,Nigeria,0
2014-10-11,203,Cases,Senegal,0
2014-10-11,203,Cases,SierraLeone,0
2014-10-11,203,Cases,Spain,0
2014-10-11,203,Cases,UnitedStates,0
2014-10-11,203,Deaths,Guinea,0
2014-10-11,203,Deaths,Liberia,2458
2014-10-11,203,Deaths,Mali,0
2014-10-11,203,Deaths,Nigeria,0
2014-10-11,203,Deaths,Senegal,0
2014-10-11,203,Deaths,SierraLeone,0
2014-10-11,203,Deaths,Spain,0
2014-10-11,203,Deaths,UnitedStates,0
2014-10-12,204,Cases,Guinea,1472
2014-10-12,204,Cases,Liberia,0
2014-10-12,204,Cases,Mali,0
2014-10-12,204,Cases,Nigeria,20
2014-10-12,204,Cases,Senegal,1
2014-10-12,204,Cases,SierraLeone,3252
2014-10-12,204,Cases,Spain,1
2014-10-12,204,Cases,UnitedStates,2
2014-10-12,204,Deaths,Guinea,843
2014-10-12,204,Deaths,Liberia,0
2014-10-12,204,Deaths,Mali,0
2014-10-12,204,Deaths,Nigeria,8
2014-10-12,204,Deaths,Senegal,0
2014-10-12,204,Deaths,SierraLeone,1183
2014-10-12,204,Deaths,Spain,1
2014-10-12,204,Deaths,UnitedStates,1
2014-10-13,205,Cases,Guinea,0
2014-10-13,205,Cases,Liberia,4262
2014-10-13,205,Cases,Mali,0
2014-10-13,205,Cases,Nigeria,0
2014-10-13,205,Cases,Senegal,0
2014-10-13,205,Cases,SierraLeone,0
2014-10-13,205,Cases,Spain,0
2014-10-13,205,Cases,UnitedStates,0
2014-10-13,205,Deaths,Guinea,0
2014-10-13,205,Deaths,Liberia,2484
2014-10-13,205,Deaths,Mali,0
2014-10-13,205,Deaths,Nigeria,0
2014-10-13,205,Deaths,Senegal,0
2014-10-13,205,Deaths,SierraLeone,0
2014-10-13,205,Deaths,Spain,0
2014-10-13,205,Deaths,UnitedStates,0
2014-10-14,206,Cases,Guinea,1519
2014-10-14,206,Cases,Liberia,0
2014-10-14,206,Cases,Mali,0
2014-10-14,206,Cases,Nigeria,20
2014-10-14,206,Cases,Senegal,1
2014-10-14,206,Cases,SierraLeone,3410
2014-10-14,206,Cases,Spain,1
2014-10-14,206,Cases,UnitedStates,3
2014-10-14,206,Deaths,Guinea,862
2014-10-14,206,Deaths,Liberia,0
2014-10-14,206,Deaths,Mali,0
2014-10-14,206,Deaths,Nigeria,8
2014-10-14,206,Deaths,Senegal,0
2014-10-14,206,Deaths,SierraLeone,1200
2014-10-14,206,Deaths,Spain,1
2014-10-14,206,Deaths,UnitedStates,0
2014-10-18,210,Cases,Guinea,0
2014-10-18,210,Cases,Liberia,4665
2014-10-18,210,Cases,Mali,0
2014-10-18,210,Cases,Nigeria,0
2014-10-18,210,Cases,Senegal,0
2014-10-18,210,Cases,SierraLeone,0
2014-10-18,210,Cases,Spain,0
2014-10-18,210,Cases,UnitedStates,0
2014-10-18,210,Deaths,Guinea,0
2014-10-18,210,Deaths,Liberia,2705
2014-10-18,210,Deaths,Mali,0
2014-10-18,210,Deaths,Nigeria,0
2014-10-18,210,Deaths,Senegal,0
2014-10-18,210,Deaths,SierraLeone,0
2014-10-18,210,Deaths,Spain,0
2014-10-18,210,Deaths,UnitedStates,0
2014-10-19,211,Cases,Guinea,1540
2014-10-19,211,Cases,Liberia,0
2014-10-19,211,Cases,Mali,0
2014-10-19,211,Cases,Nigeria,20
2014-10-19,211,Cases,Senegal,1
2014-10-19,211,Cases,SierraLeone,3706
2014-10-19,211,Cases,Spain,1
2014-10-19,211,Cases,UnitedStates,3
2014-10-19,211,Deaths,Guinea,904
2014-10-19,211,Deaths,Liberia,0
2014-10-19,211,Deaths,Mali,0
2014-10-19,211,Deaths,Nigeria,8
2014-10-19,211,Deaths,Senegal,0
2014-10-19,211,Deaths,SierraLeone,1259
2014-10-19,211,Deaths,Spain,0
2014-10-19,211,Deaths,UnitedStates,1
2014-10-21,213,Cases,Guinea,1553
2014-10-21,213,Cases,Liberia,0
2014-10-21,213,Cases,Mali,0
2014-10-21,213,Cases,Nigeria,0
2014-10-21,213,Cases,Senegal,0
2014-10-21,213,Cases,SierraLeone,0
2014-10-21,213,Cases,Spain,0
2014-10-21,213,Cases,UnitedStates,0
2014-10-21,213,Deaths,Guinea,926
2014-10-21,213,Deaths,Liberia,0
2014-10-21,213,Deaths,Mali,0
2014-10-21,213,Deaths,Nigeria,0
2014-10-21,213,Deaths,Senegal,0
2014-10-21,213,Deaths,SierraLeone,0
2014-10-21,213,Deaths,Spain,0
2014-10-21,213,Deaths,UnitedStates,0
2014-10-22,214,Cases,Guinea,0
2014-10-22,214,Cases,Liberia,0
2014-10-22,214,Cases,Mali,1
2014-10-22,214,Cases,Nigeria,0
2014-10-22,214,Cases,Senegal,0
2014-10-22,214,Cases,SierraLeone,3896
2014-10-22,214,Cases,Spain,1
2014-10-22,214,Cases,UnitedStates,4
2014-10-22,214,Deaths,Guinea,0
2014-10-22,214,Deaths,Liberia,0
2014-10-22,214,Deaths,Mali,1
2014-10-22,214,Deaths,Nigeria,0
2014-10-22,214,Deaths,Senegal,0
2014-10-22,214,Deaths,SierraLeone,1281
2014-10-22,214,Deaths,Spain,0
2014-10-22,214,Deaths,UnitedStates,1
2014-10-25,216,Cases,Guinea,0
2014-10-25,216,Cases,Liberia,6535
2014-10-25,216,Cases,Mali,0
2014-10-25,216,Cases,Nigeria,0
2014-10-25,216,Cases,Senegal,0
2014-10-25,216,Cases,SierraLeone,0
2014-10-25,216,Cases,Spain,0
2014-10-25,216,Cases,UnitedStates,0
2014-10-25,216,Deaths,Guinea,0
2014-10-25,216,Deaths,Liberia,2413
2014-10-25,216,Deaths,Mali,0
2014-10-25,216,Deaths,Nigeria,0
2014-10-25,216,Deaths,Senegal,0
2014-10-25,216,Deaths,SierraLeone,0
2014-10-25,216,Deaths,Spain,0
2014-10-25,216,Deaths,UnitedStates,0
2014-10-27,218,Cases,Guinea,1906
2014-10-27,218,Cases,Liberia,0
2014-10-27,218,Cases,Mali,1
2014-10-27,218,Cases,Nigeria,20
2014-10-27,218,Cases,Senegal,1
2014-10-27,218,Cases,SierraLeone,5235
2014-10-27,218,Cases,Spain,1
2014-10-27,218,Cases,UnitedStates,4
2014-10-27,218,Deaths,Guinea,997
2014-10-27,218,Deaths,Liberia,0
2014-10-27,218,Deaths,Mali,1
2014-10-27,218,Deaths,Nigeria,8
2014-10-27,218,Deaths,Senegal,0
2014-10-27,218,Deaths,SierraLeone,1500
2014-10-27,218,Deaths,Spain,0
2014-10-27,218,Deaths,UnitedStates,1
2014-10-29,220,Cases,Guinea,1667
2014-10-29,220,Cases,Liberia,0
2014-10-29,220,Cases,Mali,1
2014-10-29,220,Cases,Nigeria,20
2014-10-29,220,Cases,Senegal,1
2014-10-29,220,Cases,SierraLeone,5338
2014-10-29,220,Cases,Spain,1
2014-10-29,220,Cases,UnitedStates,4
2014-10-29,220,Deaths,Guinea,1018
2014-10-29,220,Deaths,Liberia,0
2014-10-29,220,Deaths,Mali,1
2014-10-29,220,Deaths,Nigeria,8
2014-10-29,220,Deaths,Senegal,0
2014-10-29,220,Deaths,SierraLeone,1510
2014-10-29,220,Deaths,Spain,0
2014-10-29,220,Deaths,UnitedStates,1
2014-10-31,222,Cases,Guinea,0
2014-10-31,222,Cases,Liberia,6525
2014-10-31,222,Cases,Mali,0
2014-10-31,222,Cases,Nigeria,0
2014-10-31,222,Cases,Senegal,0
2014-10-31,222,Cases,SierraLeone,0
2014-10-31,222,Cases,Spain,0
2014-10-31,222,Cases,UnitedStates,0
2014-10-31,222,Deaths,Guinea,0
2014-10-31,222,Deaths,Liberia,2697
2014-10-31,222,Deaths,Mali,0
2014-10-31,222,Deaths,Nigeria,0
2014-10-31,222,Deaths,Senegal,0
2014-10-31,222,Deaths,SierraLeone,0
2014-10-31,222,Deaths,Spain,0
2014-10-31,222,Deaths,UnitedStates,0
2014-10-04,196,Cases,Guinea,0
2014-10-04,196,Cases,Liberia,3924
2014-10-04,196,Cases,Mali,0
2014-10-04,196,Cases,Nigeria,0
2014-10-04,196,Cases,Senegal,0
2014-10-04,196,Cases,SierraLeone,0
2014-10-04,196,Cases,Spain,0
2014-10-04,196,Cases,UnitedStates,0
2014-10-04,196,Deaths,Guinea,0
2014-10-04,196,Deaths,Liberia,2210
2014-10-04,196,Deaths,Mali,0
2014-10-04,196,Deaths,Nigeria,0
2014-10-04,196,Deaths,Senegal,0
2014-10-04,196,Deaths,SierraLeone,0
2014-10-04,196,Deaths,Spain,0
2014-10-04,196,Deaths,UnitedStates,0
2014-10-05,197,Cases,Guinea,1298
2014-10-05,197,Cases,Liberia,0
2014-10-05,197,Cases,Mali,0
2014-10-05,197,Cases,Nigeria,20
2014-10-05,197,Cases,Senegal,1
2014-10-05,197,Cases,SierraLeone,2789
2014-10-05,197,Cases,Spain,0
2014-10-05,197,Cases,UnitedStates,1
2014-10-05,197,Deaths,Guinea,768
2014-10-05,197,Deaths,Liberia,0
2014-10-05,197,Deaths,Mali,0
2014-10-05,197,Deaths,Nigeria,8
2014-10-05,197,Deaths,Senegal,0
2014-10-05,197,Deaths,SierraLeone,879
2014-10-05,197,Deaths,Spain,0
2014-10-05,197,Deaths,UnitedStates,0
2014-10-07,199,Cases,Guinea,1350
2014-10-07,199,Cases,Liberia,4076
2014-10-07,199,Cases,Mali,0
2014-10-07,199,Cases,Nigeria,0
2014-10-07,199,Cases,Senegal,0
2014-10-07,199,Cases,SierraLeone,0
2014-10-07,199,Cases,Spain,0
2014-10-07,199,Cases,UnitedStates,0
2014-10-07,199,Deaths,Guinea,778
2014-10-07,199,Deaths,Liberia,2316
2014-10-07,199,Deaths,Mali,0
2014-10-07,199,Deaths,Nigeria,0
2014-10-07,199,Deaths,Senegal,0
2014-10-07,199,Deaths,SierraLeone,0
2014-10-07,199,Deaths,Spain,0
2014-10-07,199,Deaths,UnitedStates,0
2014-10-08,200,Cases,Guinea,0
2014-10-08,200,Cases,Liberia,0
2014-10-08,200,Cases,Mali,0
2014-10-08,200,Cases,Nigeria,20
2014-10-08,200,Cases,Senegal,1
2014-10-08,200,Cases,SierraLeone,2950
2014-10-08,200,Cases,Spain,1
2014-10-08,200,Cases,UnitedStates,1
2014-10-08,200,Deaths,Guinea,0
2014-10-08,200,Deaths,Liberia,0
2014-10-08,200,Deaths,Mali,0
2014-10-08,200,Deaths,Nigeria,8
2014-10-08,200,Deaths,Senegal,0
2014-10-08,200,Deaths,SierraLeone,930
2014-10-08,200,Deaths,Spain,1
2014-10-08,200,Deaths,UnitedStates,1
2014-11-10,233,Cases,Guinea,0
2014-11-10,233,Cases,Liberia,6878
2014-11-10,233,Cases,Mali,0
2014-11-10,233,Cases,Nigeria,0
2014-11-10,233,Cases,Senegal,0
2014-11-10,233,Cases,SierraLeone,0
2014-11-10,233,Cases,Spain,0
2014-11-10,233,Cases,UnitedStates,0
2014-11-10,233,Deaths,Guinea,0
2014-11-10,233,Deaths,Liberia,2812
2014-11-10,233,Deaths,Mali,0
2014-11-10,233,Deaths,Nigeria,0
2014-11-10,233,Deaths,Senegal,0
2014-11-10,233,Deaths,SierraLeone,0
2014-11-10,233,Deaths,Spain,0
2014-11-10,233,Deaths,UnitedStates,0
2014-11-11,234,Cases,Guinea,1919
2014-11-11,234,Cases,Liberia,0
2014-11-11,234,Cases,Mali,4
2014-11-11,234,Cases,Nigeria,20
2014-11-11,234,Cases,Senegal,1
2014-11-11,234,Cases,SierraLeone,5586
2014-11-11,234,Cases,Spain,1
2014-11-11,234,Cases,UnitedStates,4
2014-11-11,234,Deaths,Guinea,1166
2014-11-11,234,Deaths,Liberia,0
2014-11-11,234,Deaths,Mali,3
2014-11-11,234,Deaths,Nigeria,8
2014-11-11,234,Deaths,Senegal,0
2014-11-11,234,Deaths,SierraLeone,1187
2014-11-11,234,Deaths,Spain,0
2014-11-11,234,Deaths,UnitedStates,1
2014-11-15,238,Cases,Guinea,0
2014-11-15,238,Cases,Liberia,7069
2014-11-15,238,Cases,Mali,0
2014-11-15,238,Cases,Nigeria,0
2014-11-15,238,Cases,Senegal,0
2014-11-15,238,Cases,SierraLeone,0
2014-11-15,238,Cases,Spain,0
2014-11-15,238,Cases,UnitedStates,0
2014-11-15,238,Deaths,Guinea,0
2014-11-15,238,Deaths,Liberia,2964
2014-11-15,238,Deaths,Mali,0
2014-11-15,238,Deaths,Nigeria,0
2014-11-15,238,Deaths,Senegal,0
2014-11-15,238,Deaths,SierraLeone,0
2014-11-15,238,Deaths,Spain,0
2014-11-15,238,Deaths,UnitedStates,0
2014-11-16,239,Cases,Guinea,1971
2014-11-16,239,Cases,Liberia,0
2014-11-16,239,Cases,Mali,5
2014-11-16,239,Cases,Nigeria,20
2014-11-16,239,Cases,Senegal,1
2014-11-16,239,Cases,SierraLeone,6073
2014-11-16,239,Cases,Spain,1
2014-11-16,239,Cases,UnitedStates,4
2014-11-16,239,Deaths,Guinea,1192
2014-11-16,239,Deaths,Liberia,0
2014-11-16,239,Deaths,Mali,5
2014-11-16,239,Deaths,Nigeria,8
2014-11-16,239,Deaths,Senegal,0
2014-11-16,239,Deaths,SierraLeone,1250
2014-11-16,239,Deaths,Spain,0
2014-11-16,239,Deaths,UnitedStates,1
2014-11-18,241,Cases,Guinea,2047
2014-11-18,241,Cases,Liberia,7082
2014-11-18,241,Cases,Mali,6
2014-11-18,241,Cases,Nigeria,20
2014-11-18,241,Cases,Senegal,1
2014-11-18,241,Cases,SierraLeone,6190
2014-11-18,241,Cases,Spain,1
2014-11-18,241,Cases,UnitedStates,4
2014-11-18,241,Deaths,Guinea,1214
2014-11-18,241,Deaths,Liberia,2963
2014-11-18,241,Deaths,Mali,6
2014-11-18,241,Deaths,Nigeria,8
2014-11-18,241,Deaths,Senegal,0
2014-11-18,241,Deaths,SierraLeone,1267
2014-11-18,241,Deaths,Spain,0
2014-11-18,241,Deaths,UnitedStates,1
2014-11-02,225,Cases,Guinea,1731
2014-11-02,225,Cases,Liberia,0
2014-11-02,225,Cases,Mali,1
2014-11-02,225,Cases,Nigeria,20
2014-11-02,225,Cases,Senegal,1
2014-11-02,225,Cases,SierraLeone,4759
2014-11-02,225,Cases,Spain,1
2014-11-02,225,Cases,UnitedStates,4
2014-11-02,225,Deaths,Guinea,1041
2014-11-02,225,Deaths,Liberia,0
2014-11-02,225,Deaths,Mali,1
2014-11-02,225,Deaths,Nigeria,8
2014-11-02,225,Deaths,Senegal,0
2014-11-02,225,Deaths,SierraLeone,1070
2014-11-02,225,Deaths,Spain,0
2014-11-02,225,Deaths,UnitedStates,1
2014-11-22,245,Cases,Guinea,0
2014-11-22,245,Cases,Liberia,7168
2014-11-22,245,Cases,Mali,0
2014-11-22,245,Cases,Nigeria,0
2014-11-22,245,Cases,Senegal,0
2014-11-22,245,Cases,SierraLeone,0
2014-11-22,245,Cases,Spain,0
2014-11-22,245,Cases,UnitedStates,0
2014-11-22,245,Deaths,Guinea,0
2014-11-22,245,Deaths,Liberia,3016
2014-11-22,245,Deaths,Mali,0
2014-11-22,245,Deaths,Nigeria,0
2014-11-22,245,Deaths,Senegal,0
2014-11-22,245,Deaths,SierraLeone,0
2014-11-22,245,Deaths,Spain,0
2014-11-22,245,Deaths,UnitedStates,0
2014-11-23,246,Cases,Guinea,2134
2014-11-23,246,Cases,Liberia,0
2014-11-23,246,Cases,Mali,7
2014-11-23,246,Cases,Nigeria,20
2014-11-23,246,Cases,Senegal,1
2014-11-23,246,Cases,SierraLeone,6599
2014-11-23,246,Cases,Spain,1
2014-11-23,246,Cases,UnitedStates,4
2014-11-23,246,Deaths,Guinea,1260
2014-11-23,246,Deaths,Liberia,0
2014-11-23,246,Deaths,Mali,6
2014-11-23,246,Deaths,Nigeria,8
2014-11-23,246,Deaths,Senegal,0
2014-11-23,246,Deaths,SierraLeone,1398
2014-11-23,246,Deaths,Spain,0
2014-11-23,246,Deaths,UnitedStates,1
2014-11-28,251,Cases,Guinea,0
2014-11-28,251,Cases,Liberia,7635
2014-11-28,251,Cases,Mali,0
2014-11-28,251,Cases,Nigeria,0
2014-11-28,251,Cases,Senegal,0
2014-11-28,251,Cases,SierraLeone,0
2014-11-28,251,Cases,Spain,0
2014-11-28,251,Cases,UnitedStates,0
2014-11-28,251,Deaths,Guinea,0
2014-11-28,251,Deaths,Liberia,3145
2014-11-28,251,Deaths,Mali,0
2014-11-28,251,Deaths,Nigeria,0
2014-11-28,251,Deaths,Senegal,0
2014-11-28,251,Deaths,SierraLeone,0
2014-11-28,251,Deaths,Spain,0
2014-11-28,251,Deaths,UnitedStates,0
2014-11-03,226,Cases,Guinea,1760
2014-11-03,226,Cases,Liberia,0
2014-11-03,226,Cases,Mali,0
2014-11-03,226,Cases,Nigeria,0
2014-11-03,226,Cases,Senegal,0
2014-11-03,226,Cases,SierraLeone,0
2014-11-03,226,Cases,Spain,0
2014-11-03,226,Cases,UnitedStates,0
2014-11-03,226,Deaths,Guinea,1054
2014-11-03,226,Deaths,Liberia,0
2014-11-03,226,Deaths,Mali,0
2014-11-03,226,Deaths,Nigeria,0
2014-11-03,226,Deaths,Senegal,0
2014-11-03,226,Deaths,SierraLeone,0
2014-11-03,226,Deaths,Spain,0
2014-11-03,226,Deaths,UnitedStates,0
2014-11-30,253,Cases,Guinea,2164
2014-11-30,253,Cases,Liberia,0
2014-11-30,253,Cases,Mali,7
2014-11-30,253,Cases,Nigeria,20
2014-11-30,253,Cases,Senegal,1
2014-11-30,253,Cases,SierraLeone,7312
2014-11-30,253,Cases,Spain,1
2014-11-30,253,Cases,UnitedStates,4
2014-11-30,253,Deaths,Guinea,1327
2014-11-30,253,Deaths,Liberia,0
2014-11-30,253,Deaths,Mali,6
2014-11-30,253,Deaths,Nigeria,8
2014-11-30,253,Deaths,Senegal,0
2014-11-30,253,Deaths,SierraLeone,1583
2014-11-30,253,Deaths,Spain,0
2014-11-30,253,Deaths,UnitedStates,1
2014-11-04,227,Cases,Guinea,0
2014-11-04,227,Cases,Liberia,6619
2014-11-04,227,Cases,Mali,1
2014-11-04,227,Cases,Nigeria,20
2014-11-04,227,Cases,Senegal,1
2014-11-04,227,Cases,SierraLeone,4862
2014-11-04,227,Cases,Spain,1
2014-11-04,227,Cases,UnitedStates,4
2014-11-04,227,Deaths,Guinea,0
2014-11-04,227,Deaths,Liberia,2766
2014-11-04,227,Deaths,Mali,1
2014-11-04,227,Deaths,Nigeria,8
2014-11-04,227,Deaths,Senegal,0
2014-11-04,227,Deaths,SierraLeone,1130
2014-11-04,227,Deaths,Spain,0
2014-11-04,227,Deaths,UnitedStates,1
2014-11-08,231,Cases,Guinea,0
2014-11-08,231,Cases,Liberia,6822
2014-11-08,231,Cases,Mali,0
2014-11-08,231,Cases,Nigeria,0
2014-11-08,231,Cases,Senegal,0
2014-11-08,231,Cases,SierraLeone,0
2014-11-08,231,Cases,Spain,0
2014-11-08,231,Cases,UnitedStates,0
2014-11-08,231,Deaths,Guinea,0
2014-11-08,231,Deaths,Liberia,2836
2014-11-08,231,Deaths,Mali,0
2014-11-08,231,Deaths,Nigeria,0
2014-11-08,231,Deaths,Senegal,0
2014-11-08,231,Deaths,SierraLeone,0
2014-11-08,231,Deaths,Spain,0
2014-11-08,231,Deaths,UnitedStates,0
2014-11-09,232,Cases,Guinea,1878
2014-11-09,232,Cases,Liberia,0
2014-11-09,232,Cases,Mali,1
2014-11-09,232,Cases,Nigeria,20
2014-11-09,232,Cases,Senegal,1
2014-11-09,232,Cases,SierraLeone,5368
2014-11-09,232,Cases,Spain,1
2014-11-09,232,Cases,UnitedStates,4
2014-11-09,232,Deaths,Guinea,1142
2014-11-09,232,Deaths,Liberia,0
2014-11-09,232,Deaths,Mali,1
2014-11-09,232,Deaths,Nigeria,8
2014-11-09,232,Deaths,Senegal,0
2014-11-09,232,Deaths,SierraLeone,1169
2014-11-09,232,Deaths,Spain,0
2014-11-09,232,Deaths,UnitedStates,1
2014-12-14,267,Cases,Guinea,2416
2014-12-14,267,Cases,Liberia,0
2014-12-14,267,Cases,Mali,0
2014-12-14,267,Cases,Nigeria,0
2014-12-14,267,Cases,Senegal,0
2014-12-14,267,Cases,SierraLeone,8356
2014-12-14,267,Cases,Spain,0
2014-12-14,267,Cases,UnitedStates,0
2014-12-14,267,Deaths,Guinea,1525
2014-12-14,267,Deaths,Liberia,0
2014-12-14,267,Deaths,Mali,0
2014-12-14,267,Deaths,Nigeria,0
2014-12-14,267,Deaths,Senegal,0
2014-12-14,267,Deaths,SierraLeone,2085
2014-12-14,267,Deaths,Spain,0
2014-12-14,267,Deaths,UnitedStates,0
2014-12-18,271,Cases,Guinea,0
2014-12-18,271,Cases,Liberia,7830
2014-12-18,271,Cases,Mali,0
2014-12-18,271,Cases,Nigeria,0
2014-12-18,271,Cases,Senegal,0
2014-12-18,271,Cases,SierraLeone,0
2014-12-18,271,Cases,Spain,0
2014-12-18,271,Cases,UnitedStates,0
2014-12-18,271,Deaths,Guinea,0
2014-12-18,271,Deaths,Liberia,3376
2014-12-18,271,Deaths,Mali,0
2014-12-18,271,Deaths,Nigeria,0
2014-12-18,271,Deaths,Senegal,0
2014-12-18,271,Deaths,SierraLeone,0
2014-12-18,271,Deaths,Spain,0
2014-12-18,271,Deaths,UnitedStates,0
2014-12-20,272,Cases,Guinea,2571
2014-12-20,272,Cases,Liberia,7862
2014-12-20,272,Cases,Mali,0
2014-12-20,272,Cases,Nigeria,0
2014-12-20,272,Cases,Senegal,0
2014-12-20,272,Cases,SierraLeone,8939
2014-12-20,272,Cases,Spain,0
2014-12-20,272,Cases,UnitedStates,0
2014-12-20,272,Deaths,Guinea,1586
2014-12-20,272,Deaths,Liberia,3384
2014-12-20,272,Deaths,Mali,0
2014-12-20,272,Deaths,Nigeria,0
2014-12-20,272,Deaths,Senegal,0
2014-12-20,272,Deaths,SierraLeone,2556
2014-12-20,272,Deaths,Spain,0
2014-12-20,272,Deaths,UnitedStates,0
2014-12-21,273,Cases,Guinea,2597
2014-12-21,273,Cases,Liberia,0
2014-12-21,273,Cases,Mali,0
2014-12-21,273,Cases,Nigeria,0
2014-12-21,273,Cases,Senegal,0
2014-12-21,273,Cases,SierraLeone,9004
2014-12-21,273,Cases,Spain,0
2014-12-21,273,Cases,UnitedStates,0
2014-12-21,273,Deaths,Guinea,1607
2014-12-21,273,Deaths,Liberia,0
2014-12-21,273,Deaths,Mali,0
2014-12-21,273,Deaths,Nigeria,0
2014-12-21,273,Deaths,Senegal,0
2014-12-21,273,Deaths,SierraLeone,2582
2014-12-21,273,Deaths,Spain,0
2014-12-21,273,Deaths,UnitedStates,0
2014-12-24,277,Cases,Guinea,2630
2014-12-24,277,Cases,Liberia,7977
2014-12-24,277,Cases,Mali,0
2014-12-24,277,Cases,Nigeria,0
2014-12-24,277,Cases,Senegal,0
2014-12-24,277,Cases,SierraLeone,9203
2014-12-24,277,Cases,Spain,0
2014-12-24,277,Cases,UnitedStates,0
2014-12-24,277,Deaths,Guinea,0
2014-12-24,277,Deaths,Liberia,3413
2014-12-24,277,Deaths,Mali,0
2014-12-24,277,Deaths,Nigeria,0
2014-12-24,277,Deaths,Senegal,0
2014-12-24,277,Deaths,SierraLeone,2655
2014-12-24,277,Deaths,Spain,0
2014-12-24,277,Deaths,UnitedStates,0
2014-12-27,280,Cases,Guinea,2695
2014-12-27,280,Cases,Liberia,0
2014-12-27,280,Cases,Mali,0
2014-12-27,280,Cases,Nigeria,0
2014-12-27,280,Cases,Senegal,0
2014-12-27,280,Cases,SierraLeone,9409
2014-12-27,280,Cases,Spain,0
2014-12-27,280,Cases,UnitedStates,0
2014-12-27,280,Deaths,Guinea,1697
2014-12-27,280,Deaths,Liberia,0
2014-12-27,280,Deaths,Mali,0
2014-12-27,280,Deaths,Nigeria,0
2014-12-27,280,Deaths,Senegal,0
2014-12-27,280,Deaths,SierraLeone,2732
2014-12-27,280,Deaths,Spain,0
2014-12-27,280,Deaths,UnitedStates,0
2014-12-28,281,Cases,Guinea,2706
2014-12-28,281,Cases,Liberia,8018
2014-12-28,281,Cases,Mali,0
2014-12-28,281,Cases,Nigeria,0
2014-12-28,281,Cases,Senegal,0
2014-12-28,281,Cases,SierraLeone,9446
2014-12-28,281,Cases,Spain,0
2014-12-28,281,Cases,UnitedStates,0
2014-12-28,281,Deaths,Guinea,1708
2014-12-28,281,Deaths,Liberia,3423
2014-12-28,281,Deaths,Mali,0
2014-12-28,281,Deaths,Nigeria,0
2014-12-28,281,Deaths,Senegal,0
2014-12-28,281,Deaths,SierraLeone,2758
2014-12-28,281,Deaths,Spain,0
2014-12-28,281,Deaths,UnitedStates,0
2014-12-03,256,Cases,Guinea,0
2014-12-03,256,Cases,Liberia,7719
2014-12-03,256,Cases,Mali,0
2014-12-03,256,Cases,Nigeria,0
2014-12-03,256,Cases,Senegal,0
2014-12-03,256,Cases,SierraLeone,0
2014-12-03,256,Cases,Spain,0
2014-12-03,256,Cases,UnitedStates,0
2014-12-03,256,Deaths,Guinea,0
2014-12-03,256,Deaths,Liberia,3177
2014-12-03,256,Deaths,Mali,0
2014-12-03,256,Deaths,Nigeria,0
2014-12-03,256,Deaths,Senegal,0
2014-12-03,256,Deaths,SierraLeone,0
2014-12-03,256,Deaths,Spain,0
2014-12-03,256,Deaths,UnitedStates,0
2014-12-31,284,Cases,Guinea,2730
2014-12-31,284,Cases,Liberia,8115
2014-12-31,284,Cases,Mali,0
2014-12-31,284,Cases,Nigeria,0
2014-12-31,284,Cases,Senegal,0
2014-12-31,284,Cases,SierraLeone,9633
2014-12-31,284,Cases,Spain,0
2014-12-31,284,Cases,UnitedStates,0
2014-12-31,284,Deaths,Guinea,1739
2014-12-31,284,Deaths,Liberia,3471
2014-12-31,284,Deaths,Mali,0
2014-12-31,284,Deaths,Nigeria,0
2014-12-31,284,Deaths,Senegal,0
2014-12-31,284,Deaths,SierraLeone,2827
2014-12-31,284,Deaths,Spain,0
2014-12-31,284,Deaths,UnitedStates,0
2014-12-07,260,Cases,Guinea,2292
2014-12-07,260,Cases,Liberia,0
2014-12-07,260,Cases,Mali,7
2014-12-07,260,Cases,Nigeria,20
2014-12-07,260,Cases,Senegal,1
2014-12-07,260,Cases,SierraLeone,7897
2014-12-07,260,Cases,Spain,1
2014-12-07,260,Cases,UnitedStates,4
2014-12-07,260,Deaths,Guinea,1428
2014-12-07,260,Deaths,Liberia,0
2014-12-07,260,Deaths,Mali,6
2014-12-07,260,Deaths,Nigeria,8
2014-12-07,260,Deaths,Senegal,0
2014-12-07,260,Deaths,SierraLeone,1768
2014-12-07,260,Deaths,Spain,0
2014-12-07,260,Deaths,UnitedStates,1
2014-12-09,262,Cases,Guinea,0
2014-12-09,262,Cases,Liberia,7797
2014-12-09,262,Cases,Mali,0
2014-12-09,262,Cases,Nigeria,0
2014-12-09,262,Cases,Senegal,0
2014-12-09,262,Cases,SierraLeone,0
2014-12-09,262,Cases,Spain,0
2014-12-09,262,Cases,UnitedStates,0
2014-12-09,262,Deaths,Guinea,0
2014-12-09,262,Deaths,Liberia,3290
2014-12-09,262,Deaths,Mali,0
2014-12-09,262,Deaths,Nigeria,0
2014-12-09,262,Deaths,Senegal,0
2014-12-09,262,Deaths,SierraLeone,0
2014-12-09,262,Deaths,Spain,0
2014-12-09,262,Deaths,UnitedStates,0
2014-03-23,1,Cases,Guinea,49
2014-03-23,1,Cases,Liberia,0
2014-03-23,1,Cases,Mali,0
2014-03-23,1,Cases,Nigeria,0
2014-03-23,1,Cases,Senegal,0
2014-03-23,1,Cases,SierraLeone,0
2014-03-23,1,Cases,Spain,0
2014-03-23,1,Cases,UnitedStates,0
2014-03-23,1,Deaths,Guinea,29
2014-03-23,1,Deaths,Liberia,0
2014-03-23,1,Deaths,Mali,0
2014-03-23,1,Deaths,Nigeria,0
2014-03-23,1,Deaths,Senegal,0
2014-03-23,1,Deaths,SierraLeone,0
2014-03-23,1,Deaths,Spain,0
2014-03-23,1,Deaths,UnitedStates,0
2014-03-24,2,Cases,Guinea,86
2014-03-24,2,Cases,Liberia,0
2014-03-24,2,Cases,Mali,0
2014-03-24,2,Cases,Nigeria,0
2014-03-24,2,Cases,Senegal,0
2014-03-24,2,Cases,SierraLeone,0
2014-03-24,2,Cases,Spain,0
2014-03-24,2,Cases,UnitedStates,0
2014-03-24,2,Deaths,Guinea,59
2014-03-24,2,Deaths,Liberia,0
2014-03-24,2,Deaths,Mali,0
2014-03-24,2,Deaths,Nigeria,0
2014-03-24,2,Deaths,Senegal,0
2014-03-24,2,Deaths,SierraLeone,0
2014-03-24,2,Deaths,Spain,0
2014-03-24,2,Deaths,UnitedStates,0
2014-03-25,3,Cases,Guinea,86
2014-03-25,3,Cases,Liberia,0
2014-03-25,3,Cases,Mali,0
2014-03-25,3,Cases,Nigeria,0
2014-03-25,3,Cases,Senegal,0
2014-03-25,3,Cases,SierraLeone,0
2014-03-25,3,Cases,Spain,0
2014-03-25,3,Cases,UnitedStates,0
2014-03-25,3,Deaths,Guinea,60
2014-03-25,3,Deaths,Liberia,0
2014-03-25,3,Deaths,Mali,0
2014-03-25,3,Deaths,Nigeria,0
2014-03-25,3,Deaths,Senegal,0
2014-03-25,3,Deaths,SierraLeone,0
2014-03-25,3,Deaths,Spain,0
2014-03-25,3,Deaths,UnitedStates,0
2014-03-26,4,Cases,Guinea,86
2014-03-26,4,Cases,Liberia,0
2014-03-26,4,Cases,Mali,0
2014-03-26,4,Cases,Nigeria,0
2014-03-26,4,Cases,Senegal,0
2014-03-26,4,Cases,SierraLeone,0
2014-03-26,4,Cases,Spain,0
2014-03-26,4,Cases,UnitedStates,0
2014-03-26,4,Deaths,Guinea,62
2014-03-26,4,Deaths,Liberia,0
2014-03-26,4,Deaths,Mali,0
2014-03-26,4,Deaths,Nigeria,0
2014-03-26,4,Deaths,Senegal,0
2014-03-26,4,Deaths,SierraLeone,0
2014-03-26,4,Deaths,Spain,0
2014-03-26,4,Deaths,UnitedStates,0
2014-03-27,5,Cases,Guinea,103
2014-03-27,5,Cases,Liberia,8
2014-03-27,5,Cases,Mali,0
2014-03-27,5,Cases,Nigeria,0
2014-03-27,5,Cases,Senegal,0
2014-03-27,5,Cases,SierraLeone,6
2014-03-27,5,Cases,Spain,0
2014-03-27,5,Cases,UnitedStates,0
2014-03-27,5,Deaths,Guinea,66
2014-03-27,5,Deaths,Liberia,6
2014-03-27,5,Deaths,Mali,0
2014-03-27,5,Deaths,Nigeria,0
2014-03-27,5,Deaths,Senegal,0
2014-03-27,5,Deaths,SierraLeone,5
2014-03-27,5,Deaths,Spain,0
2014-03-27,5,Deaths,UnitedStates,0
2014-03-28,6,Cases,Guinea,112
2014-03-28,6,Cases,Liberia,3
2014-03-28,6,Cases,Mali,0
2014-03-28,6,Cases,Nigeria,0
2014-03-28,6,Cases,Senegal,0
2014-03-28,6,Cases,SierraLeone,2
2014-03-28,6,Cases,Spain,0
2014-03-28,6,Cases,UnitedStates,0
2014-03-28,6,Deaths,Guinea,70
2014-03-28,6,Deaths,Liberia,3
2014-03-28,6,Deaths,Mali,0
2014-03-28,6,Deaths,Nigeria,0
2014-03-28,6,Deaths,Senegal,0
2014-03-28,6,Deaths,SierraLeone,2
2014-03-28,6,Deaths,Spain,0
2014-03-28,6,Deaths,UnitedStates,0
2014-03-29,7,Cases,Guinea,112
2014-03-29,7,Cases,Liberia,7
2014-03-29,7,Cases,Mali,0
2014-03-29,7,Cases,Nigeria,0
2014-03-29,7,Cases,Senegal,0
2014-03-29,7,Cases,SierraLeone,0
2014-03-29,7,Cases,Spain,0
2014-03-29,7,Cases,UnitedStates,0
2014-03-29,7,Deaths,Guinea,70
2014-03-29,7,Deaths,Liberia,2
2014-03-29,7,Deaths,Mali,0
2014-03-29,7,Deaths,Nigeria,0
2014-03-29,7,Deaths,Senegal,0
2014-03-29,7,Deaths,SierraLeone,0
2014-03-29,7,Deaths,Spain,0
2014-03-29,7,Deaths,UnitedStates,0
2014-03-31,9,Cases,Guinea,122
2014-03-31,9,Cases,Liberia,8
2014-03-31,9,Cases,Mali,0
2014-03-31,9,Cases,Nigeria,0
2014-03-31,9,Cases,Senegal,0
2014-03-31,9,Cases,SierraLeone,2
2014-03-31,9,Cases,Spain,0
2014-03-31,9,Cases,UnitedStates,0
2014-03-31,9,Deaths,Guinea,80
2014-03-31,9,Deaths,Liberia,4
2014-03-31,9,Deaths,Mali,0
2014-03-31,9,Deaths,Nigeria,0
2014-03-31,9,Deaths,Senegal,0
2014-03-31,9,Deaths,SierraLeone,2
2014-03-31,9,Deaths,Spain,0
2014-03-31,9,Deaths,UnitedStates,0
2014-04-01,10,Cases,Guinea,127
2014-04-01,10,Cases,Liberia,8
2014-04-01,10,Cases,Mali,0
2014-04-01,10,Cases,Nigeria,0
2014-04-01,10,Cases,Senegal,0
2014-04-01,10,Cases,SierraLeone,2
2014-04-01,10,Cases,Spain,0
2014-04-01,10,Cases,UnitedStates,0
2014-04-01,10,Deaths,Guinea,83
2014-04-01,10,Deaths,Liberia,5
2014-04-01,10,Deaths,Mali,0
2014-04-01,10,Deaths,Nigeria,0
2014-04-01,10,Deaths,Senegal,0
2014-04-01,10,Deaths,SierraLeone,2
2014-04-01,10,Deaths,Spain,0
2014-04-01,10,Deaths,UnitedStates,0
2014-04-11,20,Cases,Guinea,159
2014-04-11,20,Cases,Liberia,26
2014-04-11,20,Cases,Mali,0
2014-04-11,20,Cases,Nigeria,0
2014-04-11,20,Cases,Senegal,0
2014-04-11,20,Cases,SierraLeone,2
2014-04-11,20,Cases,Spain,0
2014-04-11,20,Cases,UnitedStates,0
2014-04-11,20,Deaths,Guinea,106
2014-04-11,20,Deaths,Liberia,13
2014-04-11,20,Deaths,Mali,0
2014-04-11,20,Deaths,Nigeria,0
2014-04-11,20,Deaths,Senegal,0
2014-04-11,20,Deaths,SierraLeone,2
2014-04-11,20,Deaths,Spain,0
2014-04-11,20,Deaths,UnitedStates,0
2014-04-14,23,Cases,Guinea,168
2014-04-14,23,Cases,Liberia,0
2014-04-14,23,Cases,Mali,0
2014-04-14,23,Cases,Nigeria,0
2014-04-14,23,Cases,Senegal,0
2014-04-14,23,Cases,SierraLeone,0
2014-04-14,23,Cases,Spain,0
2014-04-14,23,Cases,UnitedStates,0
2014-04-14,23,Deaths,Guinea,108
2014-04-14,23,Deaths,Liberia,0
2014-04-14,23,Deaths,Mali,0
2014-04-14,23,Deaths,Nigeria,0
2014-04-14,23,Deaths,Senegal,0
2014-04-14,23,Deaths,SierraLeone,0
2014-04-14,23,Deaths,Spain,0
2014-04-14,23,Deaths,UnitedStates,0
2014-04-15,24,Cases,Guinea,0
2014-04-15,24,Cases,Liberia,0
2014-04-15,24,Cases,Mali,0
2014-04-15,24,Cases,Nigeria,0
2014-04-15,24,Cases,Senegal,0
2014-04-15,24,Cases,SierraLeone,12
2014-04-15,24,Cases,Spain,0
2014-04-15,24,Cases,UnitedStates,0
2014-04-15,24,Deaths,Guinea,0
2014-04-15,24,Deaths,Liberia,0
2014-04-15,24,Deaths,Mali,0
2014-04-15,24,Deaths,Nigeria,0
2014-04-15,24,Deaths,Senegal,0
2014-04-15,24,Deaths,SierraLeone,0
2014-04-15,24,Deaths,Spain,0
2014-04-15,24,Deaths,UnitedStates,0
2014-04-16,25,Cases,Guinea,197
2014-04-16,25,Cases,Liberia,27
2014-04-16,25,Cases,Mali,0
2014-04-16,25,Cases,Nigeria,0
2014-04-16,25,Cases,Senegal,0
2014-04-16,25,Cases,SierraLeone,0
2014-04-16,25,Cases,Spain,0
2014-04-16,25,Cases,UnitedStates,0
2014-04-16,25,Deaths,Guinea,122
2014-04-16,25,Deaths,Liberia,13
2014-04-16,25,Deaths,Mali,0
2014-04-16,25,Deaths,Nigeria,0
2014-04-16,25,Deaths,Senegal,0
2014-04-16,25,Deaths,SierraLeone,0
2014-04-16,25,Deaths,Spain,0
2014-04-16,25,Deaths,UnitedStates,0
2014-04-17,26,Cases,Guinea,203
2014-04-17,26,Cases,Liberia,27
2014-04-17,26,Cases,Mali,0
2014-04-17,26,Cases,Nigeria,0
2014-04-17,26,Cases,Senegal,0
2014-04-17,26,Cases,SierraLeone,0
2014-04-17,26,Cases,Spain,0
2014-04-17,26,Cases,UnitedStates,0
2014-04-17,26,Deaths,Guinea,129
2014-04-17,26,Deaths,Liberia,0
2014-04-17,26,Deaths,Mali,0
2014-04-17,26,Deaths,Nigeria,0
2014-04-17,26,Deaths,Senegal,0
2014-04-17,26,Deaths,SierraLeone,0
2014-04-17,26,Deaths,Spain,0
2014-04-17,26,Deaths,UnitedStates,0
2014-04-20,29,Cases,Guinea,208
2014-04-20,29,Cases,Liberia,0
2014-04-20,29,Cases,Mali,0
2014-04-20,29,Cases,Nigeria,0
2014-04-20,29,Cases,Senegal,0
2014-04-20,29,Cases,SierraLeone,0
2014-04-20,29,Cases,Spain,0
2014-04-20,29,Cases,UnitedStates,0
2014-04-20,29,Deaths,Guinea,136
2014-04-20,29,Deaths,Liberia,6
2014-04-20,29,Deaths,Mali,0
2014-04-20,29,Deaths,Nigeria,0
2014-04-20,29,Deaths,Senegal,0
2014-04-20,29,Deaths,SierraLeone,0
2014-04-20,29,Deaths,Spain,0
2014-04-20,29,Deaths,UnitedStates,0
2014-04-21,30,Cases,Guinea,0
2014-04-21,30,Cases,Liberia,34
2014-04-21,30,Cases,Mali,0
2014-04-21,30,Cases,Nigeria,0
2014-04-21,30,Cases,Senegal,0
2014-04-21,30,Cases,SierraLeone,0
2014-04-21,30,Cases,Spain,0
2014-04-21,30,Cases,UnitedStates,0
2014-04-21,30,Deaths,Guinea,0
2014-04-21,30,Deaths,Liberia,11
2014-04-21,30,Deaths,Mali,0
2014-04-21,30,Deaths,Nigeria,0
2014-04-21,30,Deaths,Senegal,0
2014-04-21,30,Deaths,SierraLeone,0
2014-04-21,30,Deaths,Spain,0
2014-04-21,30,Deaths,UnitedStates,0
2014-04-22,31,Cases,Guinea,0
2014-04-22,31,Cases,Liberia,0
2014-04-22,31,Cases,Mali,0
2014-04-22,31,Cases,Nigeria,0
2014-04-22,31,Cases,Senegal,0
2014-04-22,31,Cases,SierraLeone,0
2014-04-22,31,Cases,Spain,0
2014-04-22,31,Cases,UnitedStates,0
2014-04-22,31,Deaths,Guinea,0
2014-04-22,31,Deaths,Liberia,0
2014-04-22,31,Deaths,Mali,0
2014-04-22,31,Deaths,Nigeria,0
2014-04-22,31,Deaths,Senegal,0
2014-04-22,31,Deaths,SierraLeone,0
2014-04-22,31,Deaths,Spain,0
2014-04-22,31,Deaths,UnitedStates,0
2014-04-23,32,Cases,Guinea,218
2014-04-23,32,Cases,Liberia,0
2014-04-23,32,Cases,Mali,0
2014-04-23,32,Cases,Nigeria,0
2014-04-23,32,Cases,Senegal,0
2014-04-23,32,Cases,SierraLeone,0
2014-04-23,32,Cases,Spain,0
2014-04-23,32,Cases,UnitedStates,0
2014-04-23,32,Deaths,Guinea,141
2014-04-23,32,Deaths,Liberia,0
2014-04-23,32,Deaths,Mali,0
2014-04-23,32,Deaths,Nigeria,0
2014-04-23,32,Deaths,Senegal,0
2014-04-23,32,Deaths,SierraLeone,0
2014-04-23,32,Deaths,Spain,0
2014-04-23,32,Deaths,UnitedStates,0
2014-04-24,33,Cases,Guinea,0
2014-04-24,33,Cases,Liberia,35
2014-04-24,33,Cases,Mali,0
2014-04-24,33,Cases,Nigeria,0
2014-04-24,33,Cases,Senegal,0
2014-04-24,33,Cases,SierraLeone,0
2014-04-24,33,Cases,Spain,0
2014-04-24,33,Cases,UnitedStates,0
2014-04-24,33,Deaths,Guinea,0
2014-04-24,33,Deaths,Liberia,0
2014-04-24,33,Deaths,Mali,0
2014-04-24,33,Deaths,Nigeria,0
2014-04-24,33,Deaths,Senegal,0
2014-04-24,33,Deaths,SierraLeone,0
2014-04-24,33,Deaths,Spain,0
2014-04-24,33,Deaths,UnitedStates,0
2014-04-26,35,Cases,Guinea,224
2014-04-26,35,Cases,Liberia,0
2014-04-26,35,Cases,Mali,0
2014-04-26,35,Cases,Nigeria,0
2014-04-26,35,Cases,Senegal,0
2014-04-26,35,Cases,SierraLeone,0
2014-04-26,35,Cases,Spain,0
2014-04-26,35,Cases,UnitedStates,0
2014-04-26,35,Deaths,Guinea,143
2014-04-26,35,Deaths,Liberia,0
2014-04-26,35,Deaths,Mali,0
2014-04-26,35,Deaths,Nigeria,0
2014-04-26,35,Deaths,Senegal,0
2014-04-26,35,Deaths,SierraLeone,0
2014-04-26,35,Deaths,Spain,0
2014-04-26,35,Deaths,UnitedStates,0
2014-04-04,13,Cases,Guinea,143
2014-04-04,13,Cases,Liberia,18
2014-04-04,13,Cases,Mali,0
2014-04-04,13,Cases,Nigeria,0
2014-04-04,13,Cases,Senegal,0
2014-04-04,13,Cases,SierraLeone,2
2014-04-04,13,Cases,Spain,0
2014-04-04,13,Cases,UnitedStates,0
2014-04-04,13,Deaths,Guinea,86
2014-04-04,13,Deaths,Liberia,7
2014-04-04,13,Deaths,Mali,0
2014-04-04,13,Deaths,Nigeria,0
2014-04-04,13,Deaths,Senegal,0
2014-04-04,13,Deaths,SierraLeone,2
2014-04-04,13,Deaths,Spain,0
2014-04-04,13,Deaths,UnitedStates,0
2014-04-07,16,Cases,Guinea,151
2014-04-07,16,Cases,Liberia,21
2014-04-07,16,Cases,Mali,0
2014-04-07,16,Cases,Nigeria,0
2014-04-07,16,Cases,Senegal,0
2014-04-07,16,Cases,SierraLeone,2
2014-04-07,16,Cases,Spain,0
2014-04-07,16,Cases,UnitedStates,0
2014-04-07,16,Deaths,Guinea,95
2014-04-07,16,Deaths,Liberia,10
2014-04-07,16,Deaths,Mali,0
2014-04-07,16,Deaths,Nigeria,0
2014-04-07,16,Deaths,Senegal,0
2014-04-07,16,Deaths,SierraLeone,2
2014-04-07,16,Deaths,Spain,0
2014-04-07,16,Deaths,UnitedStates,0
2014-04-09,18,Cases,Guinea,158
2014-04-09,18,Cases,Liberia,25
2014-04-09,18,Cases,Mali,0
2014-04-09,18,Cases,Nigeria,0
2014-04-09,18,Cases,Senegal,0
2014-04-09,18,Cases,SierraLeone,2
2014-04-09,18,Cases,Spain,0
2014-04-09,18,Cases,UnitedStates,0
2014-04-09,18,Deaths,Guinea,101
2014-04-09,18,Deaths,Liberia,12
2014-04-09,18,Deaths,Mali,0
2014-04-09,18,Deaths,Nigeria,0
2014-04-09,18,Deaths,Senegal,0
2014-04-09,18,Deaths,SierraLeone,2
2014-04-09,18,Deaths,Spain,0
2014-04-09,18,Deaths,UnitedStates,0
2014-05-01,40,Cases,Guinea,226
2014-05-01,40,Cases,Liberia,13
2014-05-01,40,Cases,Mali,0
2014-05-01,40,Cases,Nigeria,0
2014-05-01,40,Cases,Senegal,0
2014-05-01,40,Cases,SierraLeone,0
2014-05-01,40,Cases,Spain,0
2014-05-01,40,Cases,UnitedStates,0
2014-05-01,40,Deaths,Guinea,149
2014-05-01,40,Deaths,Liberia,11
2014-05-01,40,Deaths,Mali,0
2014-05-01,40,Deaths,Nigeria,0
2014-05-01,40,Deaths,Senegal,0
2014-05-01,40,Deaths,SierraLeone,0
2014-05-01,40,Deaths,Spain,0
2014-05-01,40,Deaths,UnitedStates,0
2014-05-10,49,Cases,Guinea,233
2014-05-10,49,Cases,Liberia,12
2014-05-10,49,Cases,Mali,0
2014-05-10,49,Cases,Nigeria,0
2014-05-10,49,Cases,Senegal,0
2014-05-10,49,Cases,SierraLeone,0
2014-05-10,49,Cases,Spain,0
2014-05-10,49,Cases,UnitedStates,0
2014-05-10,49,Deaths,Guinea,157
2014-05-10,49,Deaths,Liberia,11
2014-05-10,49,Deaths,Mali,0
2014-05-10,49,Deaths,Nigeria,0
2014-05-10,49,Deaths,Senegal,0
2014-05-10,49,Deaths,SierraLeone,0
2014-05-10,49,Deaths,Spain,0
2014-05-10,49,Deaths,UnitedStates,0
2014-05-12,51,Cases,Guinea,248
2014-05-12,51,Cases,Liberia,12
2014-05-12,51,Cases,Mali,0
2014-05-12,51,Cases,Nigeria,0
2014-05-12,51,Cases,Senegal,0
2014-05-12,51,Cases,SierraLeone,0
2014-05-12,51,Cases,Spain,0
2014-05-12,51,Cases,UnitedStates,0
2014-05-12,51,Deaths,Guinea,171
2014-05-12,51,Deaths,Liberia,11
2014-05-12,51,Deaths,Mali,0
2014-05-12,51,Deaths,Nigeria,0
2014-05-12,51,Deaths,Senegal,0
2014-05-12,51,Deaths,SierraLeone,0
2014-05-12,51,Deaths,Spain,0
2014-05-12,51,Deaths,UnitedStates,0
2014-05-23,62,Cases,Guinea,258
2014-05-23,62,Cases,Liberia,12
2014-05-23,62,Cases,Mali,0
2014-05-23,62,Cases,Nigeria,0
2014-05-23,62,Cases,Senegal,0
2014-05-23,62,Cases,SierraLeone,0
2014-05-23,62,Cases,Spain,0
2014-05-23,62,Cases,UnitedStates,0
2014-05-23,62,Deaths,Guinea,174
2014-05-23,62,Deaths,Liberia,11
2014-05-23,62,Deaths,Mali,0
2014-05-23,62,Deaths,Nigeria,0
2014-05-23,62,Deaths,Senegal,0
2014-05-23,62,Deaths,SierraLeone,0
2014-05-23,62,Deaths,Spain,0
2014-05-23,62,Deaths,UnitedStates,0
2014-05-27,66,Cases,Guinea,281
2014-05-27,66,Cases,Liberia,12
2014-05-27,66,Cases,Mali,0
2014-05-27,66,Cases,Nigeria,0
2014-05-27,66,Cases,Senegal,0
2014-05-27,66,Cases,SierraLeone,16
2014-05-27,66,Cases,Spain,0
2014-05-27,66,Cases,UnitedStates,0
2014-05-27,66,Deaths,Guinea,186
2014-05-27,66,Deaths,Liberia,11
2014-05-27,66,Deaths,Mali,0
2014-05-27,66,Deaths,Nigeria,0
2014-05-27,66,Deaths,Senegal,0
2014-05-27,66,Deaths,SierraLeone,5
2014-05-27,66,Deaths,Spain,0
2014-05-27,66,Deaths,UnitedStates,0
2014-05-28,67,Cases,Guinea,291
2014-05-28,67,Cases,Liberia,13
2014-05-28,67,Cases,Mali,0
2014-05-28,67,Cases,Nigeria,0
2014-05-28,67,Cases,Senegal,0
2014-05-28,67,Cases,SierraLeone,50
2014-05-28,67,Cases,Spain,0
2014-05-28,67,Cases,UnitedStates,0
2014-05-28,67,Deaths,Guinea,193
2014-05-28,67,Deaths,Liberia,12
2014-05-28,67,Deaths,Mali,0
2014-05-28,67,Deaths,Nigeria,0
2014-05-28,67,Deaths,Senegal,0
2014-05-28,67,Deaths,SierraLeone,6
2014-05-28,67,Deaths,Spain,0
2014-05-28,67,Deaths,UnitedStates,0
2014-05-03,42,Cases,Guinea,231
2014-05-03,42,Cases,Liberia,13
2014-05-03,42,Cases,Mali,0
2014-05-03,42,Cases,Nigeria,0
2014-05-03,42,Cases,Senegal,0
2014-05-03,42,Cases,SierraLeone,0
2014-05-03,42,Cases,Spain,0
2014-05-03,42,Cases,UnitedStates,0
2014-05-03,42,Deaths,Guinea,155
2014-05-03,42,Deaths,Liberia,11
2014-05-03,42,Deaths,Mali,0
2014-05-03,42,Deaths,Nigeria,0
2014-05-03,42,Deaths,Senegal,0
2014-05-03,42,Deaths,SierraLeone,0
2014-05-03,42,Deaths,Spain,0
2014-05-03,42,Deaths,UnitedStates,0
2014-05-05,44,Cases,Guinea,235
2014-05-05,44,Cases,Liberia,13
2014-05-05,44,Cases,Mali,0
2014-05-05,44,Cases,Nigeria,0
2014-05-05,44,Cases,Senegal,0
2014-05-05,44,Cases,SierraLeone,0
2014-05-05,44,Cases,Spain,0
2014-05-05,44,Cases,UnitedStates,0
2014-05-05,44,Deaths,Guinea,157
2014-05-05,44,Deaths,Liberia,11
2014-05-05,44,Deaths,Mali,0
2014-05-05,44,Deaths,Nigeria,0
2014-05-05,44,Deaths,Senegal,0
2014-05-05,44,Deaths,SierraLeone,0
2014-05-05,44,Deaths,Spain,0
2014-05-05,44,Deaths,UnitedStates,0
2014-05-07,46,Cases,Guinea,236
2014-05-07,46,Cases,Liberia,13
2014-05-07,46,Cases,Mali,0
2014-05-07,46,Cases,Nigeria,0
2014-05-07,46,Cases,Senegal,0
2014-05-07,46,Cases,SierraLeone,0
2014-05-07,46,Cases,Spain,0
2014-05-07,46,Cases,UnitedStates,0
2014-05-07,46,Deaths,Guinea,158
2014-05-07,46,Deaths,Liberia,11
2014-05-07,46,Deaths,Mali,0
2014-05-07,46,Deaths,Nigeria,0
2014-05-07,46,Deaths,Senegal,0
2014-05-07,46,Deaths,SierraLeone,0
2014-05-07,46,Deaths,Spain,0
2014-05-07,46,Deaths,UnitedStates,0
2014-06-01,71,Cases,Guinea,328
2014-06-01,71,Cases,Liberia,13
2014-06-01,71,Cases,Mali,0
2014-06-01,71,Cases,Nigeria,0
2014-06-01,71,Cases,Senegal,0
2014-06-01,71,Cases,SierraLeone,79
2014-06-01,71,Cases,Spain,0
2014-06-01,71,Cases,UnitedStates,0
2014-06-01,71,Deaths,Guinea,208
2014-06-01,71,Deaths,Liberia,12
2014-06-01,71,Deaths,Mali,0
2014-06-01,71,Deaths,Nigeria,0
2014-06-01,71,Deaths,Senegal,0
2014-06-01,71,Deaths,SierraLeone,6
2014-06-01,71,Deaths,Spain,0
2014-06-01,71,Deaths,UnitedStates,0
2014-06-10,80,Cases,Guinea,351
2014-06-10,80,Cases,Liberia,13
2014-06-10,80,Cases,Mali,0
2014-06-10,80,Cases,Nigeria,0
2014-06-10,80,Cases,Senegal,0
2014-06-10,80,Cases,SierraLeone,89
2014-06-10,80,Cases,Spain,0
2014-06-10,80,Cases,UnitedStates,0
2014-06-10,80,Deaths,Guinea,226
2014-06-10,80,Deaths,Liberia,24
2014-06-10,80,Deaths,Mali,0
2014-06-10,80,Deaths,Nigeria,0
2014-06-10,80,Deaths,Senegal,0
2014-06-10,80,Deaths,SierraLeone,7
2014-06-10,80,Deaths,Spain,0
2014-06-10,80,Deaths,UnitedStates,0
2014-06-16,86,Cases,Guinea,398
2014-06-16,86,Cases,Liberia,33
2014-06-16,86,Cases,Mali,0
2014-06-16,86,Cases,Nigeria,0
2014-06-16,86,Cases,Senegal,0
2014-06-16,86,Cases,SierraLeone,0
2014-06-16,86,Cases,Spain,0
2014-06-16,86,Cases,UnitedStates,0
2014-06-16,86,Deaths,Guinea,264
2014-06-16,86,Deaths,Liberia,24
2014-06-16,86,Deaths,Mali,0
2014-06-16,86,Deaths,Nigeria,0
2014-06-16,86,Deaths,Senegal,0
2014-06-16,86,Deaths,SierraLeone,0
2014-06-16,86,Deaths,Spain,0
2014-06-16,86,Deaths,UnitedStates,0
2014-06-17,87,Cases,Guinea,0
2014-06-17,87,Cases,Liberia,0
2014-06-17,87,Cases,Mali,0
2014-06-17,87,Cases,Nigeria,0
2014-06-17,87,Cases,Senegal,0
2014-06-17,87,Cases,SierraLeone,97
2014-06-17,87,Cases,Spain,0
2014-06-17,87,Cases,UnitedStates,0
2014-06-17,87,Deaths,Guinea,0
2014-06-17,87,Deaths,Liberia,0
2014-06-17,87,Deaths,Mali,0
2014-06-17,87,Deaths,Nigeria,0
2014-06-17,87,Deaths,Senegal,0
2014-06-17,87,Deaths,SierraLeone,49
2014-06-17,87,Deaths,Spain,0
2014-06-17,87,Deaths,UnitedStates,0
2014-06-18,88,Cases,Guinea,390
2014-06-18,88,Cases,Liberia,0
2014-06-18,88,Cases,Mali,0
2014-06-18,88,Cases,Nigeria,0
2014-06-18,88,Cases,Senegal,0
2014-06-18,88,Cases,SierraLeone,136
2014-06-18,88,Cases,Spain,0
2014-06-18,88,Cases,UnitedStates,0
2014-06-18,88,Deaths,Guinea,267
2014-06-18,88,Deaths,Liberia,0
2014-06-18,88,Deaths,Mali,0
2014-06-18,88,Deaths,Nigeria,0
2014-06-18,88,Deaths,Senegal,0
2014-06-18,88,Deaths,SierraLeone,28
2014-06-18,88,Deaths,Spain,0
2014-06-18,88,Deaths,UnitedStates,0
2014-06-19,89,Cases,Guinea,0
2014-06-19,89,Cases,Liberia,41
2014-06-19,89,Cases,Mali,0
2014-06-19,89,Cases,Nigeria,0
2014-06-19,89,Cases,Senegal,0
2014-06-19,89,Cases,SierraLeone,0
2014-06-19,89,Cases,Spain,0
2014-06-19,89,Cases,UnitedStates,0
2014-06-19,89,Deaths,Guinea,0
2014-06-19,89,Deaths,Liberia,25
2014-06-19,89,Deaths,Mali,0
2014-06-19,89,Deaths,Nigeria,0
2014-06-19,89,Deaths,Senegal,0
2014-06-19,89,Deaths,SierraLeone,0
2014-06-19,89,Deaths,Spain,0
2014-06-19,89,Deaths,UnitedStates,0
2014-06-20,90,Cases,Guinea,390
2014-06-20,90,Cases,Liberia,0
2014-06-20,90,Cases,Mali,0
2014-06-20,90,Cases,Nigeria,0
2014-06-20,90,Cases,Senegal,0
2014-06-20,90,Cases,SierraLeone,158
2014-06-20,90,Cases,Spain,0
2014-06-20,90,Cases,UnitedStates,0
2014-06-20,90,Deaths,Guinea,270
2014-06-20,90,Deaths,Liberia,0
2014-06-20,90,Deaths,Mali,0
2014-06-20,90,Deaths,Nigeria,0
2014-06-20,90,Deaths,Senegal,0
2014-06-20,90,Deaths,SierraLeone,34
2014-06-20,90,Deaths,Spain,0
2014-06-20,90,Deaths,UnitedStates,0
2014-06-22,92,Cases,Guinea,0
2014-06-22,92,Cases,Liberia,51
2014-06-22,92,Cases,Mali,0
2014-06-22,92,Cases,Nigeria,0
2014-06-22,92,Cases,Senegal,0
2014-06-22,92,Cases,SierraLeone,0
2014-06-22,92,Cases,Spain,0
2014-06-22,92,Cases,UnitedStates,0
2014-06-22,92,Deaths,Guinea,0
2014-06-22,92,Deaths,Liberia,34
2014-06-22,92,Deaths,Mali,0
2014-06-22,92,Deaths,Nigeria,0
2014-06-22,92,Deaths,Senegal,0
2014-06-22,92,Deaths,SierraLeone,0
2014-06-22,92,Deaths,Spain,0
2014-06-22,92,Deaths,UnitedStates,0
2014-06-03,73,Cases,Guinea,344
2014-06-03,73,Cases,Liberia,13
2014-06-03,73,Cases,Mali,0
2014-06-03,73,Cases,Nigeria,0
2014-06-03,73,Cases,Senegal,0
2014-06-03,73,Cases,SierraLeone,0
2014-06-03,73,Cases,Spain,0
2014-06-03,73,Cases,UnitedStates,0
2014-06-03,73,Deaths,Guinea,215
2014-06-03,73,Deaths,Liberia,12
2014-06-03,73,Deaths,Mali,0
2014-06-03,73,Deaths,Nigeria,0
2014-06-03,73,Deaths,Senegal,0
2014-06-03,73,Deaths,SierraLeone,6
2014-06-03,73,Deaths,Spain,0
2014-06-03,73,Deaths,UnitedStates,0
2014-06-30,100,Cases,Guinea,413
2014-06-30,100,Cases,Liberia,107
2014-06-30,100,Cases,Mali,0
2014-06-30,100,Cases,Nigeria,0
2014-06-30,100,Cases,Senegal,0
2014-06-30,100,Cases,SierraLeone,239
2014-06-30,100,Cases,Spain,0
2014-06-30,100,Cases,UnitedStates,0
2014-06-30,100,Deaths,Guinea,303
2014-06-30,100,Deaths,Liberia,65
2014-06-30,100,Deaths,Mali,0
2014-06-30,100,Deaths,Nigeria,0
2014-06-30,100,Deaths,Senegal,0
2014-06-30,100,Deaths,SierraLeone,99
2014-06-30,100,Deaths,Spain,0
2014-06-30,100,Deaths,UnitedStates,0
2014-06-05,75,Cases,Guinea,0
2014-06-05,75,Cases,Liberia,13
2014-06-05,75,Cases,Mali,0
2014-06-05,75,Cases,Nigeria,0
2014-06-05,75,Cases,Senegal,0
2014-06-05,75,Cases,SierraLeone,81
2014-06-05,75,Cases,Spain,0
2014-06-05,75,Cases,UnitedStates,0
2014-06-05,75,Deaths,Guinea,0
2014-06-05,75,Deaths,Liberia,0
2014-06-05,75,Deaths,Mali,0
2014-06-05,75,Deaths,Nigeria,0
2014-06-05,75,Deaths,Senegal,0
2014-06-05,75,Deaths,SierraLeone,6
2014-06-05,75,Deaths,Spain,0
2014-06-05,75,Deaths,UnitedStates,0
2014-07-12,112,Cases,Guinea,406
2014-07-12,112,Cases,Liberia,172
2014-07-12,112,Cases,Mali,0
2014-07-12,112,Cases,Nigeria,0
2014-07-12,112,Cases,Senegal,0
2014-07-12,112,Cases,SierraLeone,386
2014-07-12,112,Cases,Spain,0
2014-07-12,112,Cases,UnitedStates,0
2014-07-12,112,Deaths,Guinea,304
2014-07-12,112,Deaths,Liberia,105
2014-07-12,112,Deaths,Mali,0
2014-07-12,112,Deaths,Nigeria,0
2014-07-12,112,Deaths,Senegal,0
2014-07-12,112,Deaths,SierraLeone,194
2014-07-12,112,Deaths,Spain,0
2014-07-12,112,Deaths,UnitedStates,0
2014-07-14,114,Cases,Guinea,411
2014-07-14,114,Cases,Liberia,174
2014-07-14,114,Cases,Mali,0
2014-07-14,114,Cases,Nigeria,0
2014-07-14,114,Cases,Senegal,0
2014-07-14,114,Cases,SierraLeone,397
2014-07-14,114,Cases,Spain,0
2014-07-14,114,Cases,UnitedStates,0
2014-07-14,114,Deaths,Guinea,310
2014-07-14,114,Deaths,Liberia,106
2014-07-14,114,Deaths,Mali,0
2014-07-14,114,Deaths,Nigeria,0
2014-07-14,114,Deaths,Senegal,0
2014-07-14,114,Deaths,SierraLeone,197
2014-07-14,114,Deaths,Spain,0
2014-07-14,114,Deaths,UnitedStates,0
2014-07-17,117,Cases,Guinea,410
2014-07-17,117,Cases,Liberia,196
2014-07-17,117,Cases,Mali,0
2014-07-17,117,Cases,Nigeria,0
2014-07-17,117,Cases,Senegal,0
2014-07-17,117,Cases,SierraLeone,442
2014-07-17,117,Cases,Spain,0
2014-07-17,117,Cases,UnitedStates,0
2014-07-17,117,Deaths,Guinea,310
2014-07-17,117,Deaths,Liberia,116
2014-07-17,117,Deaths,Mali,0
2014-07-17,117,Deaths,Nigeria,0
2014-07-17,117,Deaths,Senegal,0
2014-07-17,117,Deaths,SierraLeone,206
2014-07-17,117,Deaths,Spain,0
2014-07-17,117,Deaths,UnitedStates,0
2014-07-02,102,Cases,Guinea,412
2014-07-02,102,Cases,Liberia,115
2014-07-02,102,Cases,Mali,0
2014-07-02,102,Cases,Nigeria,0
2014-07-02,102,Cases,Senegal,0
2014-07-02,102,Cases,SierraLeone,252
2014-07-02,102,Cases,Spain,0
2014-07-02,102,Cases,UnitedStates,0
2014-07-02,102,Deaths,Guinea,305
2014-07-02,102,Deaths,Liberia,75
2014-07-02,102,Deaths,Mali,0
2014-07-02,102,Deaths,Nigeria,0
2014-07-02,102,Deaths,Senegal,0
2014-07-02,102,Deaths,SierraLeone,101
2014-07-02,102,Deaths,Spain,0
2014-07-02,102,Deaths,UnitedStates,0
2014-07-20,120,Cases,Guinea,415
2014-07-20,120,Cases,Liberia,224
2014-07-20,120,Cases,Mali,0
2014-07-20,120,Cases,Nigeria,0
2014-07-20,120,Cases,Senegal,0
2014-07-20,120,Cases,SierraLeone,454
2014-07-20,120,Cases,Spain,0
2014-07-20,120,Cases,UnitedStates,0
2014-07-20,120,Deaths,Guinea,314
2014-07-20,120,Deaths,Liberia,127
2014-07-20,120,Deaths,Mali,0
2014-07-20,120,Deaths,Nigeria,0
2014-07-20,120,Deaths,Senegal,0
2014-07-20,120,Deaths,SierraLeone,219
2014-07-20,120,Deaths,Spain,0
2014-07-20,120,Deaths,UnitedStates,0
2014-07-23,123,Cases,Guinea,427
2014-07-23,123,Cases,Liberia,249
2014-07-23,123,Cases,Mali,0
2014-07-23,123,Cases,Nigeria,0
2014-07-23,123,Cases,Senegal,0
2014-07-23,123,Cases,SierraLeone,525
2014-07-23,123,Cases,Spain,0
2014-07-23,123,Cases,UnitedStates,0
2014-07-23,123,Deaths,Guinea,319
2014-07-23,123,Deaths,Liberia,129
2014-07-23,123,Deaths,Mali,0
2014-07-23,123,Deaths,Nigeria,0
2014-07-23,123,Deaths,Senegal,0
2014-07-23,123,Deaths,SierraLeone,224
2014-07-23,123,Deaths,Spain,0
2014-07-23,123,Deaths,UnitedStates,0
2014-07-27,126,Cases,Guinea,460
2014-07-27,126,Cases,Liberia,329
2014-07-27,126,Cases,Mali,0
2014-07-27,126,Cases,Nigeria,1
2014-07-27,126,Cases,Senegal,0
2014-07-27,126,Cases,SierraLeone,533
2014-07-27,126,Cases,Spain,0
2014-07-27,126,Cases,UnitedStates,0
2014-07-27,126,Deaths,Guinea,339
2014-07-27,126,Deaths,Liberia,156
2014-07-27,126,Deaths,Mali,0
2014-07-27,126,Deaths,Nigeria,1
2014-07-27,126,Deaths,Senegal,0
2014-07-27,126,Deaths,SierraLeone,233
2014-07-27,126,Deaths,Spain,0
2014-07-27,126,Deaths,UnitedStates,0
2014-07-30,129,Cases,Guinea,472
2014-07-30,129,Cases,Liberia,391
2014-07-30,129,Cases,Mali,0
2014-07-30,129,Cases,Nigeria,3
2014-07-30,129,Cases,Senegal,0
2014-07-30,129,Cases,SierraLeone,574
2014-07-30,129,Cases,Spain,0
2014-07-30,129,Cases,UnitedStates,0
2014-07-30,129,Deaths,Guinea,346
2014-07-30,129,Deaths,Liberia,227
2014-07-30,129,Deaths,Mali,0
2014-07-30,129,Deaths,Nigeria,1
2014-07-30,129,Deaths,Senegal,0
2014-07-30,129,Deaths,SierraLeone,252
2014-07-30,129,Deaths,Spain,0
2014-07-30,129,Deaths,UnitedStates,0
2014-07-06,106,Cases,Guinea,408
2014-07-06,106,Cases,Liberia,131
2014-07-06,106,Cases,Mali,0
2014-07-06,106,Cases,Nigeria,0
2014-07-06,106,Cases,Senegal,0
2014-07-06,106,Cases,SierraLeone,305
2014-07-06,106,Cases,Spain,0
2014-07-06,106,Cases,UnitedStates,0
2014-07-06,106,Deaths,Guinea,307
2014-07-06,106,Deaths,Liberia,84
2014-07-06,106,Deaths,Mali,0
2014-07-06,106,Deaths,Nigeria,0
2014-07-06,106,Deaths,Senegal,0
2014-07-06,106,Deaths,SierraLeone,127
2014-07-06,106,Deaths,Spain,0
2014-07-06,106,Deaths,UnitedStates,0
2014-07-08,108,Cases,Guinea,409
2014-07-08,108,Cases,Liberia,142
2014-07-08,108,Cases,Mali,0
2014-07-08,108,Cases,Nigeria,0
2014-07-08,108,Cases,Senegal,0
2014-07-08,108,Cases,SierraLeone,337
2014-07-08,108,Cases,Spain,0
2014-07-08,108,Cases,UnitedStates,0
2014-07-08,108,Deaths,Guinea,309
2014-07-08,108,Deaths,Liberia,88
2014-07-08,108,Deaths,Mali,0
2014-07-08,108,Deaths,Nigeria,0
2014-07-08,108,Deaths,Senegal,0
2014-07-08,108,Deaths,SierraLeone,142
2014-07-08,108,Deaths,Spain,0
2014-07-08,108,Deaths,UnitedStates,0
2014-08-01,132,Cases,Guinea,485
2014-08-01,132,Cases,Liberia,468
2014-08-01,132,Cases,Mali,0
2014-08-01,132,Cases,Nigeria,4
2014-08-01,132,Cases,Senegal,0
2014-08-01,132,Cases,SierraLeone,646
2014-08-01,132,Cases,Spain,0
2014-08-01,132,Cases,UnitedStates,0
2014-08-01,132,Deaths,Guinea,358
2014-08-01,132,Deaths,Liberia,255
2014-08-01,132,Deaths,Mali,0
2014-08-01,132,Deaths,Nigeria,1
2014-08-01,132,Deaths,Senegal,0
2014-08-01,132,Deaths,SierraLeone,273
2014-08-01,132,Deaths,Spain,0
2014-08-01,132,Deaths,UnitedStates,0
2014-08-11,142,Cases,Guinea,510
2014-08-11,142,Cases,Liberia,670
2014-08-11,142,Cases,Mali,0
2014-08-11,142,Cases,Nigeria,12
2014-08-11,142,Cases,Senegal,0
2014-08-11,142,Cases,SierraLeone,783
2014-08-11,142,Cases,Spain,0
2014-08-11,142,Cases,UnitedStates,0
2014-08-11,142,Deaths,Guinea,377
2014-08-11,142,Deaths,Liberia,355
2014-08-11,142,Deaths,Mali,0
2014-08-11,142,Deaths,Nigeria,3
2014-08-11,142,Deaths,Senegal,0
2014-08-11,142,Deaths,SierraLeone,334
2014-08-11,142,Deaths,Spain,0
2014-08-11,142,Deaths,UnitedStates,0
2014-08-13,144,Cases,Guinea,519
2014-08-13,144,Cases,Liberia,786
2014-08-13,144,Cases,Mali,0
2014-08-13,144,Cases,Nigeria,12
2014-08-13,144,Cases,Senegal,0
2014-08-13,144,Cases,SierraLeone,810
2014-08-13,144,Cases,Spain,0
2014-08-13,144,Cases,UnitedStates,0
2014-08-13,144,Deaths,Guinea,380
2014-08-13,144,Deaths,Liberia,413
2014-08-13,144,Deaths,Mali,0
2014-08-13,144,Deaths,Nigeria,4
2014-08-13,144,Deaths,Senegal,0
2014-08-13,144,Deaths,SierraLeone,348
2014-08-13,144,Deaths,Spain,0
2014-08-13,144,Deaths,UnitedStates,0
2014-08-16,147,Cases,Guinea,543
2014-08-16,147,Cases,Liberia,834
2014-08-16,147,Cases,Mali,0
2014-08-16,147,Cases,Nigeria,15
2014-08-16,147,Cases,Senegal,0
2014-08-16,147,Cases,SierraLeone,848
2014-08-16,147,Cases,Spain,0
2014-08-16,147,Cases,UnitedStates,0
2014-08-16,147,Deaths,Guinea,394
2014-08-16,147,Deaths,Liberia,466
2014-08-16,147,Deaths,Mali,0
2014-08-16,147,Deaths,Nigeria,4
2014-08-16,147,Deaths,Senegal,0
2014-08-16,147,Deaths,SierraLeone,365
2014-08-16,147,Deaths,Spain,0
2014-08-16,147,Deaths,UnitedStates,0
2014-08-18,149,Cases,Guinea,579
2014-08-18,149,Cases,Liberia,972
2014-08-18,149,Cases,Mali,0
2014-08-18,149,Cases,Nigeria,15
2014-08-18,149,Cases,Senegal,0
2014-08-18,149,Cases,SierraLeone,907
2014-08-18,149,Cases,Spain,0
2014-08-18,149,Cases,UnitedStates,0
2014-08-18,149,Deaths,Guinea,396
2014-08-18,149,Deaths,Liberia,576
2014-08-18,149,Deaths,Mali,0
2014-08-18,149,Deaths,Nigeria,4
2014-08-18,149,Deaths,Senegal,0
2014-08-18,149,Deaths,SierraLeone,374
2014-08-18,149,Deaths,Spain,0
2014-08-18,149,Deaths,UnitedStates,0
2014-08-20,151,Cases,Guinea,607
2014-08-20,151,Cases,Liberia,1082
2014-08-20,151,Cases,Mali,0
2014-08-20,151,Cases,Nigeria,16
2014-08-20,151,Cases,Senegal,0
2014-08-20,151,Cases,SierraLeone,910
2014-08-20,151,Cases,Spain,0
2014-08-20,151,Cases,UnitedStates,0
2014-08-20,151,Deaths,Guinea,406
2014-08-20,151,Deaths,Liberia,624
2014-08-20,151,Deaths,Mali,0
2014-08-20,151,Deaths,Nigeria,5
2014-08-20,151,Deaths,Senegal,0
2014-08-20,151,Deaths,SierraLeone,392
2014-08-20,151,Deaths,Spain,0
2014-08-20,151,Deaths,UnitedStates,0
2014-08-26,157,Cases,Guinea,648
2014-08-26,157,Cases,Liberia,1378
2014-08-26,157,Cases,Mali,0
2014-08-26,157,Cases,Nigeria,17
2014-08-26,157,Cases,Senegal,0
2014-08-26,157,Cases,SierraLeone,1026
2014-08-26,157,Cases,Spain,0
2014-08-26,157,Cases,UnitedStates,0
2014-08-26,157,Deaths,Guinea,430
2014-08-26,157,Deaths,Liberia,694
2014-08-26,157,Deaths,Mali,0
2014-08-26,157,Deaths,Nigeria,6
2014-08-26,157,Deaths,Senegal,0
2014-08-26,157,Deaths,SierraLeone,422
2014-08-26,157,Deaths,Spain,0
2014-08-26,157,Deaths,UnitedStates,0
2014-08-31,162,Cases,Guinea,771
2014-08-31,162,Cases,Liberia,1698
2014-08-31,162,Cases,Mali,0
2014-08-31,162,Cases,Nigeria,21
2014-08-31,162,Cases,Senegal,1
2014-08-31,162,Cases,SierraLeone,1216
2014-08-31,162,Cases,Spain,0
2014-08-31,162,Cases,UnitedStates,0
2014-08-31,162,Deaths,Guinea,494
2014-08-31,162,Deaths,Liberia,871
2014-08-31,162,Deaths,Mali,0
2014-08-31,162,Deaths,Nigeria,7
2014-08-31,162,Deaths,Senegal,0
2014-08-31,162,Deaths,SierraLeone,476
2014-08-31,162,Deaths,Spain,0
2014-08-31,162,Deaths,UnitedStates,0
2014-08-04,135,Cases,Guinea,495
2014-08-04,135,Cases,Liberia,516
2014-08-04,135,Cases,Mali,0
2014-08-04,135,Cases,Nigeria,9
2014-08-04,135,Cases,Senegal,0
2014-08-04,135,Cases,SierraLeone,691
2014-08-04,135,Cases,Spain,0
2014-08-04,135,Cases,UnitedStates,0
2014-08-04,135,Deaths,Guinea,363
2014-08-04,135,Deaths,Liberia,282
2014-08-04,135,Deaths,Mali,0
2014-08-04,135,Deaths,Nigeria,1
2014-08-04,135,Deaths,Senegal,0
2014-08-04,135,Deaths,SierraLeone,286
2014-08-04,135,Deaths,Spain,0
2014-08-04,135,Deaths,UnitedStates,0
2014-08-06,137,Cases,Guinea,495
2014-08-06,137,Cases,Liberia,554
2014-08-06,137,Cases,Mali,0
2014-08-06,137,Cases,Nigeria,13
2014-08-06,137,Cases,Senegal,0
2014-08-06,137,Cases,SierraLeone,717
2014-08-06,137,Cases,Spain,0
2014-08-06,137,Cases,UnitedStates,0
2014-08-06,137,Deaths,Guinea,367
2014-08-06,137,Deaths,Liberia,294
2014-08-06,137,Deaths,Mali,0
2014-08-06,137,Deaths,Nigeria,2
2014-08-06,137,Deaths,Senegal,0
2014-08-06,137,Deaths,SierraLeone,298
2014-08-06,137,Deaths,Spain,0
2014-08-06,137,Deaths,UnitedStates,0
2014-08-09,140,Cases,Guinea,506
2014-08-09,140,Cases,Liberia,599
2014-08-09,140,Cases,Mali,0
2014-08-09,140,Cases,Nigeria,13
2014-08-09,140,Cases,Senegal,0
2014-08-09,140,Cases,SierraLeone,730
2014-08-09,140,Cases,Spain,0
2014-08-09,140,Cases,UnitedStates,0
2014-08-09,140,Deaths,Guinea,373
2014-08-09,140,Deaths,Liberia,323
2014-08-09,140,Deaths,Mali,0
2014-08-09,140,Deaths,Nigeria,2
2014-08-09,140,Deaths,Senegal,0
2014-08-09,140,Deaths,SierraLeone,315
2014-08-09,140,Deaths,Spain,0
2014-08-09,140,Deaths,UnitedStates,0
2014-09-10,172,Cases,Guinea,899
2014-09-10,172,Cases,Liberia,0
2014-09-10,172,Cases,Mali,0
2014-09-10,172,Cases,Nigeria,21
2014-09-10,172,Cases,Senegal,1
2014-09-10,172,Cases,SierraLeone,1478
2014-09-10,172,Cases,Spain,0
2014-09-10,172,Cases,UnitedStates,0
2014-09-10,172,Deaths,Guinea,568
2014-09-10,172,Deaths,Liberia,0
2014-09-10,172,Deaths,Mali,0
2014-09-10,172,Deaths,Nigeria,8
2014-09-10,172,Deaths,Senegal,0
2014-09-10,172,Deaths,SierraLeone,536
2014-09-10,172,Deaths,Spain,0
2014-09-10,172,Deaths,UnitedStates,0
2014-09-13,175,Cases,Guinea,936
2014-09-13,175,Cases,Liberia,0
2014-09-13,175,Cases,Mali,0
2014-09-13,175,Cases,Nigeria,21
2014-09-13,175,Cases,Senegal,1
2014-09-13,175,Cases,SierraLeone,1620
2014-09-13,175,Cases,Spain,0
2014-09-13,175,Cases,UnitedStates,0
2014-09-13,175,Deaths,Guinea,595
2014-09-13,175,Deaths,Liberia,1296
2014-09-13,175,Deaths,Mali,0
2014-09-13,175,Deaths,Nigeria,8
2014-09-13,175,Deaths,Senegal,0
2014-09-13,175,Deaths,SierraLeone,562
2014-09-13,175,Deaths,Spain,0
2014-09-13,175,Deaths,UnitedStates,0
2014-09-14,176,Cases,Guinea,942
2014-09-14,176,Cases,Liberia,2710
2014-09-14,176,Cases,Mali,0
2014-09-14,176,Cases,Nigeria,0
2014-09-14,176,Cases,Senegal,0
2014-09-14,176,Cases,SierraLeone,1673
2014-09-14,176,Cases,Spain,0
2014-09-14,176,Cases,UnitedStates,0
2014-09-14,176,Deaths,Guinea,601
2014-09-14,176,Deaths,Liberia,1459
2014-09-14,176,Deaths,Mali,0
2014-09-14,176,Deaths,Nigeria,0
2014-09-14,176,Deaths,Senegal,0
2014-09-14,176,Deaths,SierraLeone,562
2014-09-14,176,Deaths,Spain,0
2014-09-14,176,Deaths,UnitedStates,0
2014-09-17,179,Cases,Guinea,0
2014-09-17,179,Cases,Liberia,3022
2014-09-17,179,Cases,Mali,0
2014-09-17,179,Cases,Nigeria,0
2014-09-17,179,Cases,Senegal,0
2014-09-17,179,Cases,SierraLeone,0
2014-09-17,179,Cases,Spain,0
2014-09-17,179,Cases,UnitedStates,0
2014-09-17,179,Deaths,Guinea,0
2014-09-17,179,Deaths,Liberia,1578
2014-09-17,179,Deaths,Mali,0
2014-09-17,179,Deaths,Nigeria,0
2014-09-17,179,Deaths,Senegal,0
2014-09-17,179,Deaths,SierraLeone,0
2014-09-17,179,Deaths,Spain,0
2014-09-17,179,Deaths,UnitedStates,0
2014-09-19,181,Cases,Guinea,1008
2014-09-19,181,Cases,Liberia,0
2014-09-19,181,Cases,Mali,0
2014-09-19,181,Cases,Nigeria,0
2014-09-19,181,Cases,Senegal,0
2014-09-19,181,Cases,SierraLeone,0
2014-09-19,181,Cases,Spain,0
2014-09-19,181,Cases,UnitedStates,0
2014-09-19,181,Deaths,Guinea,632
2014-09-19,181,Deaths,Liberia,0
2014-09-19,181,Deaths,Mali,0
2014-09-19,181,Deaths,Nigeria,0
2014-09-19,181,Deaths,Senegal,0
2014-09-19,181,Deaths,SierraLeone,0
2014-09-19,181,Deaths,Spain,0
2014-09-19,181,Deaths,UnitedStates,0
2014-09-20,182,Cases,Guinea,0
2014-09-20,182,Cases,Liberia,0
2014-09-20,182,Cases,Mali,0
2014-09-20,182,Cases,Nigeria,0
2014-09-20,182,Cases,Senegal,0
2014-09-20,182,Cases,SierraLeone,1813
2014-09-20,182,Cases,Spain,0
2014-09-20,182,Cases,UnitedStates,0
2014-09-20,182,Deaths,Guinea,0
2014-09-20,182,Deaths,Liberia,0
2014-09-20,182,Deaths,Mali,0
2014-09-20,182,Deaths,Nigeria,0
2014-09-20,182,Deaths,Senegal,0
2014-09-20,182,Deaths,SierraLeone,593
2014-09-20,182,Deaths,Spain,0
2014-09-20,182,Deaths,UnitedStates,0
2014-09-21,183,Cases,Guinea,1022
2014-09-21,183,Cases,Liberia,3280
2014-09-21,183,Cases,Mali,0
2014-09-21,183,Cases,Nigeria,20
2014-09-21,183,Cases,Senegal,1
2014-09-21,183,Cases,SierraLeone,1940
2014-09-21,183,Cases,Spain,0
2014-09-21,183,Cases,UnitedStates,0
2014-09-21,183,Deaths,Guinea,635
2014-09-21,183,Deaths,Liberia,1677
2014-09-21,183,Deaths,Mali,0
2014-09-21,183,Deaths,Nigeria,8
2014-09-21,183,Deaths,Senegal,0
2014-09-21,183,Deaths,SierraLeone,597
2014-09-21,183,Deaths,Spain,0
2014-09-21,183,Deaths,UnitedStates,0
2014-09-23,185,Cases,Guinea,1074
2014-09-23,185,Cases,Liberia,3458
2014-09-23,185,Cases,Mali,0
2014-09-23,185,Cases,Nigeria,20
2014-09-23,185,Cases,Senegal,1
2014-09-23,185,Cases,SierraLeone,2021
2014-09-23,185,Cases,Spain,0
2014-09-23,185,Cases,UnitedStates,0
2014-09-23,185,Deaths,Guinea,648
2014-09-23,185,Deaths,Liberia,1830
2014-09-23,185,Deaths,Mali,0
2014-09-23,185,Deaths,Nigeria,8
2014-09-23,185,Deaths,Senegal,0
2014-09-23,185,Deaths,SierraLeone,605
2014-09-23,185,Deaths,Spain,0
2014-09-23,185,Deaths,UnitedStates,0
2014-09-28,190,Cases,Guinea,1157
2014-09-28,190,Cases,Liberia,3696
2014-09-28,190,Cases,Mali,0
2014-09-28,190,Cases,Nigeria,20
2014-09-28,190,Cases,Senegal,1
2014-09-28,190,Cases,SierraLeone,2304
2014-09-28,190,Cases,Spain,0
2014-09-28,190,Cases,UnitedStates,0
2014-09-28,190,Deaths,Guinea,710
2014-09-28,190,Deaths,Liberia,1998
2014-09-28,190,Deaths,Mali,0
2014-09-28,190,Deaths,Nigeria,8
2014-09-28,190,Deaths,Senegal,0
2014-09-28,190,Deaths,SierraLeone,622
2014-09-28,190,Deaths,Spain,0
2014-09-28,190,Deaths,UnitedStates,0
2014-09-05,167,Cases,Guinea,812
2014-09-05,167,Cases,Liberia,1871
2014-09-05,167,Cases,Mali,0
2014-09-05,167,Cases,Nigeria,22
2014-09-05,167,Cases,Senegal,1
2014-09-05,167,Cases,SierraLeone,1261
2014-09-05,167,Cases,Spain,0
2014-09-05,167,Cases,UnitedStates,0
2014-09-05,167,Deaths,Guinea,517
2014-09-05,167,Deaths,Liberia,1089
2014-09-05,167,Deaths,Mali,0
2014-09-05,167,Deaths,Nigeria,8
2014-09-05,167,Deaths,Senegal,0
2014-09-05,167,Deaths,SierraLeone,491
2014-09-05,167,Deaths,Spain,0
2014-09-05,167,Deaths,UnitedStates,0
2014-09-07,169,Cases,Guinea,861
2014-09-07,169,Cases,Liberia,2081
2014-09-07,169,Cases,Mali,0
2014-09-07,169,Cases,Nigeria,21
2014-09-07,169,Cases,Senegal,3
2014-09-07,169,Cases,SierraLeone,1424
2014-09-07,169,Cases,Spain,0
2014-09-07,169,Cases,UnitedStates,0
2014-09-07,169,Deaths,Guinea,557
2014-09-07,169,Deaths,Liberia,1137
2014-09-07,169,Deaths,Mali,0
2014-09-07,169,Deaths,Nigeria,8
2014-09-07,169,Deaths,Senegal,0
2014-09-07,169,Deaths,SierraLeone,524
2014-09-07,169,Deaths,Spain,0
2014-09-07,169,Deaths,UnitedStates,0
2014-09-09,171,Cases,Guinea,0
2014-09-09,171,Cases,Liberia,2407
2014-09-09,171,Cases,Mali,0
2014-09-09,171,Cases,Nigeria,0
2014-09-09,171,Cases,Senegal,0
2014-09-09,171,Cases,SierraLeone,0
2014-09-09,171,Cases,Spain,0
2014-09-09,171,Cases,UnitedStates,0
2014-09-09,171,Deaths,Guinea,0
2014-09-09,171,Deaths,Liberia,0
2014-09-09,171,Deaths,Mali,0
2014-09-09,171,Deaths,Nigeria,0
2014-09-09,171,Deaths,Senegal,0
2014-09-09,171,Deaths,SierraLeone,0
2014-09-09,171,Deaths,Spain,0
2014-09-09,171,Deaths,UnitedStates,0
